i-am-mad	0.00,102
elm-random	0.00,7
arrayindexoutofbounds	0.00,4
mnpp	0.00,4
proto-repl	0.00,4
tamejs	0.00,4
android-checkedtextview	0.00,3
drunk-programming	0.00,3
firefox11	0.00,3
isaccessibletouser	0.00,3
let-over-lambda	0.00,3
pushe	0.00,3
racsequence	0.00,3
sadad	0.00,3
simple-one-for-one	0.00,3
standard-output	0.00,3
..................	0.00,2
accidentally	0.00,2
apptrk	0.00,2
apropos	0.00,2
authopen	0.00,2
awkward	0.00,2
basegameutils	0.00,2
bduf	0.00,2
block-element	0.00,2
bridgedhub	0.00,2
buck-the-system	0.00,2
callbackcontract	0.00,2
capybara-2	0.00,2
charmap	0.00,2
classifyjs	0.00,2
code-igniter	0.00,2
codefixprovider	0.00,2
contentvalues	0.00,2
countlinesofcode	0.00,2
dartson	0.00,2
datepickr.js	0.00,2
daylight-saving-time	0.00,2
death-march	0.00,2
diet-js	0.00,2
django-rest	0.00,2
doxygen-gui	0.00,2
drupal6	0.00,2
dust.js-linkedin	0.00,2
easyautocomplete	0.00,2
efm	0.00,2
elasticrtc	0.00,2
elasticsearch-1.0.0	0.00,2
em-proxy	0.00,2
erlang-heart	0.00,2
etilqs	0.00,2
excel-templates	0.00,2
execute360	0.00,2
fdupes	0.00,2
flash10	0.00,2
function-import	0.00,2
fxsave	0.00,2
geographic-lib	0.00,2
getforegroundwindow	0.00,2
geth	0.00,2
go-language	0.00,2
golden-grid-system	0.00,2
google-maps-traffic	0.00,2
gpg-agent	0.00,2
haskell-ng	0.00,2
hg-extension	0.00,2
hole	0.00,2
humhub	0.00,2
illustration	0.00,2
ineqdeco	0.00,2
inscopeapps	0.00,2
insserv	0.00,2
instance-reference	0.00,2
ise	0.00,2
isml	0.00,2
jsqlite	0.00,2
kruskal	0.00,2
language-processing	0.00,2
laravel-mix	0.00,2
lazythreadsafetymode	0.00,2
lgbluetooth	0.00,2
libevhtp	0.00,2
libphash	0.00,2
lv2	0.00,2
message-handler	0.00,2
meteor-0.9.4	0.00,2
mongolitedt	0.00,2
msgctl	0.00,2
multiple-definition	0.00,2
mup	0.00,2
neo4j-plugin	0.00,2
nette-tester	0.00,2
nwire	0.00,2
octetstring	0.00,2
on-hover	0.00,2
pandas-query	0.00,2
parse-combinator	0.00,2
php-psr	0.00,2
phpws	0.00,2
prologscript	0.00,2
proxy-icon	0.00,2
pseudo-terminals	0.00,2
qlinkedlist	0.00,2
react-native-lightbox	0.00,2
retrive	0.00,2
rom-rb	0.00,2
sami	0.00,2
santa	0.00,2
securityaction	0.00,2
selenium-on-rails	0.00,2
simple-push-api	0.00,2
sp-upgrade	0.00,2
spaghetti-code	0.00,2
spiderlang	0.00,2
spineless-tagless-graph	0.00,2
struts2-jquery-chart	0.00,2
stupid-question	0.00,2
surface-rt	0.00,2
swift1-2	0.00,2
tea-cipher	0.00,2
traco	0.00,2
treefrog-framework	0.00,2
turing-machine	0.00,2
twiggy	0.00,2
unloading	0.00,2
usagepatterns	0.00,2
varcomp	0.00,2
vnstat	0.00,2
watching	0.00,2
waxeye	0.00,2
webauthn	0.00,2
webspec	0.00,2
weffc++	0.00,2
wrapinner	0.00,2
xcode6-beta3	0.00,2
.bash-script	0.00,1
.doc2.mht	0.00,1
.dss	0.00,1
.load	0.00,1
.net-development	0.00,1
1802	0.00,1
2000	0.00,1
2d-graphics	0.00,1
3d-avi	0.00,1
3ds-max-7	0.00,1
414	0.00,1
7	0.00,1
8th	0.00,1
aalto	0.00,1
ab-inito	0.00,1
abev	0.00,1
abs-path	0.00,1
abslistview	0.00,1
absolute-import	0.00,1
access-content	0.00,1
aci	0.00,1
acme	0.00,1
acrobat-reader-9	0.00,1
actionscript2	0.00,1
addictive	0.00,1
adobe-gaming-sdk	0.00,1
adp1	0.00,1
aexml	0.00,1
aiofiles	0.00,1
airdroid	0.00,1
airline	0.00,1
algo	0.00,1
algorith	0.00,1
all-of-computer-science	0.00,1
allow	0.00,1
allowhtmlpopupwindow	0.00,1
alpakka	0.00,1
alternating-row-color	0.00,1
alwaysonbottom	0.00,1
amavisd-new	0.00,1
amazinglistview	0.00,1
amazon-formation	0.00,1
amazon-rds-postgres	0.00,1
ambassador-pattern	0.00,1
american	0.00,1
amet	0.00,1
amlint	0.00,1
ampache	0.00,1
android-cluster	0.00,1
android-direct-boot	0.00,1
android-exception	0.00,1
android-homescreen-widget	0.00,1
android-http	0.00,1
android-intent-service	0.00,1
android-issues	0.00,1
angular-once	0.00,1
angular-scope-watch	0.00,1
angular-table	0.00,1
annoying-internet-meme	0.00,1
anti-cheating	0.00,1
apache-bval	0.00,1
apache2-mpm-itk	0.00,1
apivore	0.00,1
apksigner	0.00,1
apn-on-rails	0.00,1
app-path	0.00,1
apple-development	0.00,1
application-level-proxy	0.00,1
applied-programming	0.00,1
appsensor	0.00,1
aqueduct	0.00,1
arc-challenge	0.00,1
architect	0.00,1
army	0.00,1
asdl	0.00,1
asp-net-core	0.00,1
asp-net-iactionresult	0.00,1
asp.net-mvc-localization	0.00,1
asp.net-mvc2	0.00,1
asset-host	0.00,1
astc	0.00,1
astrophysics	0.00,1
atmega32u4	0.00,1
attachedcommands	0.00,1
attribute-	0.00,1
audio-libraries	0.00,1
audiostream	0.00,1
aui	0.00,1
aurelia-form	0.00,1
auto-mapping	0.00,1
auto-transformer	0.00,1
autohide	0.00,1
automotive	0.00,1
autoroute	0.00,1
awarness-api	0.00,1
aws-schedule	0.00,1
ayttm	0.00,1
bachelor	0.00,1
backbone.jst	0.00,1
backbone.localstorage	0.00,1
backward-thinking	0.00,1
bad-code	0.00,1
bad-code-offset	0.00,1
bad-idea	0.00,1
badidea	0.00,1
bayer-image	0.00,1
beauty	0.00,1
bencode	0.00,1
best	0.00,1
best-coding-practices	0.00,1
bestpractices	0.00,1
beta-reduction	0.00,1
better-assert	0.00,1
bibitex	0.00,1
bigfraction	0.00,1
binary-notation	0.00,1
binary-objects	0.00,1
bind-event	0.00,1
binding-loop	0.00,1
bindip	0.00,1
biohaskell	0.00,1
bitfield	0.00,1
bittorent	0.00,1
blackhat	0.00,1
blitz.io	0.00,1
blogentine.net-1.6	0.00,1
blogging-platform	0.00,1
board-game	0.00,1
body	0.00,1
boost-interval	0.00,1
boostrap3	0.00,1
bootstrap-affix	0.00,1
bootstrap-combobox	0.00,1
bootstrap-protocol	0.00,1
boruta	0.00,1
bravado	0.00,1
bright	0.00,1
brightstardb	0.00,1
bringintoview	0.00,1
browser-plugins	0.00,1
browser-releases	0.00,1
browserinterophelper	0.00,1
browsing-safety	0.00,1
bs	0.00,1
bteq	0.00,1
bugvm	0.00,1
build.gradle.kts	0.00,1
bulletproof-security	0.00,1
business-analysis	0.00,1
business-aspect	0.00,1
buyout	0.00,1
bw	0.00,1
bychan	0.00,1
bytechannel	0.00,1
bzlib-conduit	0.00,1
c#-1.2	0.00,1
c+	0.00,1
c++-0x-concepts	0.00,1
c++-winrt	0.00,1
c-array	0.00,1
c2hsc	0.00,1
cakphp	0.00,1
calculations	0.00,1
calculator-programming	0.00,1
california	0.00,1
caller-id	0.00,1
callerinfo	0.00,1
candy-corona	0.00,1
canvasdrawingsession	0.00,1
canvasvg	0.00,1
capserjs	0.00,1
card-table	0.00,1
cartalyst-nested-sets-2	0.00,1
cascading-methods	0.00,1
casper-dataset	0.00,1
cassandra-thrift	0.00,1
cassandraemon	0.00,1
categorical-index	0.00,1
cats	0.00,1
celebration	0.00,1
cfa	0.00,1
chameleonpi	0.00,1
chaotic-map	0.00,1
character-device	0.00,1
character-set-client	0.00,1
character-set-connection	0.00,1
chararray	0.00,1
charset-detection	0.00,1
chat-ui	0.00,1
chcp	0.00,1
cheque	0.00,1
choppy	0.00,1
chrestomathy	0.00,1
cimage	0.00,1
cimm	0.00,1
citadel	0.00,1
claimid	0.00,1
clang-memory-sanitizer	0.00,1
claudiajs	0.00,1
clckwrks	0.00,1
clearly-ms-paint	0.00,1
clenqueuereadbuffer	0.00,1
click-once	0.00,1
clientcontext	0.00,1
clojure.walk	0.00,1
cloned-vm	0.00,1
close-worthy	0.00,1
co-fs	0.00,1
cocoatouch	0.00,1
cocos2d-arc	0.00,1
code-architecture	0.00,1
code-container	0.00,1
code-explanation	0.00,1
code-hosting	0.00,1
code-igniters	0.00,1
code-reviews	0.00,1
code-scenarios	0.00,1
code-suggestions	0.00,1
codebug	0.00,1
codecamps	0.00,1
coded	0.00,1
codedomprovider	0.00,1
codemod	0.00,1
codification	0.00,1
coding-problem	0.00,1
coledroptarget	0.00,1
collection-check-boxes	0.00,1
colored-console	0.00,1
colorstatelist	0.00,1
comic	0.00,1
commit-author	0.00,1
commons-codec	0.00,1
compatibility-toolkit	0.00,1
compile-time-error	0.00,1
complain	0.00,1
complete-list	0.00,1
compositedata	0.00,1
computer-hardware	0.00,1
computer-industry	0.00,1
condvar	0.00,1
config.exs	0.00,1
configuration-qualifier	0.00,1
connectionpoints	0.00,1
consectetuer	0.00,1
contentextension	0.00,1
context-io	0.00,1
contextual-help	0.00,1
controltoolkit	0.00,1
coooders	0.00,1
coprocessor	0.00,1
copy-to-clipboard	0.00,1
coresphereconsolebundle	0.00,1
corrupt-database	0.00,1
cortado	0.00,1
couponcode	0.00,1
couponorderhistory	0.00,1
covereage	0.00,1
cpulimit	0.00,1
crashreporter	0.00,1
crazydomains	0.00,1
csjark	0.00,1
css-important	0.00,1
css-only	0.00,1
css-pattern	0.00,1
css-speech-bubble	0.00,1
css3-animations	0.00,1
cthreads	0.00,1
custom-find	0.00,1
custom-syntax	0.00,1
custom-verbs	0.00,1
customadapter	0.00,1
customtypevalidator	0.00,1
d-templates	0.00,1
daily-deal	0.00,1
dao-lang	0.00,1
dapp-development	0.00,1
dart-core	0.00,1
dart-dev-compiler	0.00,1
databus-language	0.00,1
datachannel.js	0.00,1
db2-9.5	0.00,1
dbms-based-ipc	0.00,1
ddd8	0.00,1
ddrescue	0.00,1
ddslick	0.00,1
debian-8.5	0.00,1
deco	0.00,1
decoration-pattern	0.00,1
deeper-understanding	0.00,1
defer-statement	0.00,1
definitional-scoping	0.00,1
delete-folder	0.00,1
delete-request	0.00,1
deleteattribute	0.00,1
deleted-questions	0.00,1
deletequery	0.00,1
demential	0.00,1
demosaic	0.00,1
dependent-controls	0.00,1
dependnencies	0.00,1
derived-works	0.00,1
design-patters	0.00,1
desktop-experience	0.00,1
detail-band	0.00,1
deviantart	0.00,1
diesel	0.00,1
difficulties	0.00,1
direct-admin	0.00,1
disadvantage	0.00,1
disqus-api	0.00,1
distributed-shared-memory	0.00,1
div-tag	0.00,1
django-advanced-filters	0.00,1
django-bitfield	0.00,1
django-celery-email	0.00,1
django-compress	0.00,1
django-formtools	0.00,1
django-model-field	0.00,1
django-modelcluster	0.00,1
django-plugins	0.00,1
django-post-office	0.00,1
django-star-ratings	0.00,1
django-threading-local	0.00,1
django-transactions	0.00,1
dlmenu	0.00,1
dm-flag	0.00,1
do-my-job	0.00,1
do-my-work-for-me	0.00,1
doctrine-dbal	0.00,1
doesnt	0.00,1
dolor	0.00,1
domain-check	0.00,1
domain-cloaking	0.00,1
domain-construction	0.00,1
domain-modelling	0.00,1
dont-be-evil	0.00,1
dont-feed-the-troll	0.00,1
double-compare-and-swap	0.00,1
dprty	0.00,1
drakon	0.00,1
drakon-editor	0.00,1
drat	0.00,1
drawtextinrect	0.00,1
dscussion	0.00,1
dubai	0.00,1
dumbness	0.00,1
dun	0.00,1
durandal-router	0.00,1
dust	0.00,1
dvipost	0.00,1
dynamic-class-loading	0.00,1
dynamic-web-project	0.00,1
dynamicip	0.00,1
dynamics-crm-orion	0.00,1
eagetmail	0.00,1
easy-to-read-code	0.00,1
easyrec	0.00,1
ebay-sdk	0.00,1
eclipse-ptp	0.00,1
ecofriendly	0.00,1
editor-style	0.00,1
editrocket	0.00,1
eface	0.00,1
efficient-storage	0.00,1
elastic-database-pool	0.00,1
elastifox	0.00,1
elastix-itk	0.00,1
electron-forge	0.00,1
elephant	0.00,1
elgg-plugin	0.00,1
elm-reactor	0.00,1
emacs-dirtree	0.00,1
email-editor	0.00,1
email-notification	0.00,1
embeded	0.00,1
ember-cable	0.00,1
emfjson	0.00,1
emmake	0.00,1
emongodocument	0.00,1
emotiv	0.00,1
enhanced-for-loop	0.00,1
enhancephp	0.00,1
enplug-sdk	0.00,1
epilogue.js	0.00,1
equality-comparer	0.00,1
eric-python-editor	0.00,1
erika-enterprise	0.00,1
error-tracking	0.00,1
es-spread-properties	0.00,1
es7	0.00,1
este.js	0.00,1
eudora	0.00,1
evolutionary	0.00,1
evreflection	0.00,1
examples	0.00,1
excelsior-jet	0.00,1
exception-chaining	0.00,1
excess-n	0.00,1
existing-code	0.00,1
exorcism	0.00,1
expr4j	0.00,1
expression-web-4	0.00,1
extended-disk-drive	0.00,1
extended-protection	0.00,1
extended-wpf	0.00,1
extention	0.00,1
eyestrain	0.00,1
ez-letter	0.00,1
ezwindows	0.00,1
f++	0.00,1
face-expression	0.00,1
facebook-places	0.00,1
faceting	0.00,1
false-language	0.00,1
famspam	0.00,1
fanout.io	0.00,1
fast-moving-data	0.00,1
fata-error	0.00,1
faulty-exception	0.00,1
fbx-animations	0.00,1
featurebnf	0.00,1
feed-operator	0.00,1
feel	0.00,1
fenceapi	0.00,1
fermi-questions	0.00,1
ferrisstreams	0.00,1
fetch-assoc	0.00,1
field-validator	0.00,1
fieldtypes	0.00,1
figaro	0.00,1
file-owner	0.00,1
fileuploadcontrol	0.00,1
fileviewers	0.00,1
fillna	0.00,1
filter-sanitize-string	0.00,1
find-as-you-type	0.00,1
finnish-keyboard	0.00,1
firefox-3.6	0.00,1
firefox-browser-api	0.00,1
firwall	0.00,1
fixed-height	0.00,1
flame.js	0.00,1
flatfile	0.00,1
flatpages	0.00,1
flaw	0.00,1
flex-builder	0.00,1
flex-paging	0.00,1
flight	0.00,1
floorplanner	0.00,1
flori	0.00,1
flow-charts	0.00,1
fluentemail	0.00,1
foobar	0.00,1
foreignalias	0.00,1
foreignkeys	0.00,1
forgiving-format	0.00,1
fork-256	0.00,1
formal-specification	0.00,1
formbuttonvalue	0.00,1
foundation-abide	0.00,1
foundation.js	0.00,1
freebusy	0.00,1
freecap	0.00,1
freezer	0.00,1
freya	0.00,1
frida-trace	0.00,1
fsf	0.00,1
function-evaluation	0.00,1
function-group	0.00,1
function-values	0.00,1
ga	0.00,1
gac-32	0.00,1
gac-64	0.00,1
gallery3d	0.00,1
gatheringplace	0.00,1
gazman-sdk	0.00,1
gcc-error	0.00,1
gcloud-maven-plugin	0.00,1
gcroot	0.00,1
gen-idea	0.00,1
generalize	0.00,1
gentle-boost	0.00,1
ges	0.00,1
getchanges	0.00,1
getfilesize	0.00,1
git-2.0	0.00,1
git-installation	0.00,1
git-mer	0.00,1
git-on-windows	0.00,1
gkimagepicker	0.00,1
global.ascx	0.00,1
globalstorage	0.00,1
gmap	0.00,1
gns3	0.00,1
gnu-ddrescue	0.00,1
go-guru	0.00,1
goal-column	0.00,1
goating	0.00,1
gocb	0.00,1
goldfish	0.00,1
good-habit	0.00,1
google+-api	0.00,1
google-actions	0.00,1
google-analytic-api	0.00,1
google-app-engine-deploy	0.00,1
google-webgl-globe	0.00,1
got-to-be-kidding-me	0.00,1
gotchas	0.00,1
governor	0.00,1
gproc	0.00,1
graalvm	0.00,1
graceful-failure	0.00,1
graclj	0.00,1
gradient-map	0.00,1
graphene-pk11	0.00,1
gridbag	0.00,1
gridobject	0.00,1
grimps	0.00,1
grindr	0.00,1
groovy-2.3	0.00,1
grow	0.00,1
grumps	0.00,1
grunt-ftpush	0.00,1
grunt-smoosher	0.00,1
gtk1.2	0.00,1
gtkmm-2.4	0.00,1
gtkmm-3.0	0.00,1
guc-variable	0.00,1
guiceymongo	0.00,1
guifont	0.00,1
gulp-bump	0.00,1
gulp-serve	0.00,1
gvariant	0.00,1
hadoop-1.2.1	0.00,1
hake	0.00,1
haml-js	0.00,1
hamljs	0.00,1
handjs	0.00,1
happy-new-year	0.00,1
has	0.00,1
haskell-domain	0.00,1
haskell-io	0.00,1
hate	0.00,1
hcr	0.00,1
hcrf	0.00,1
heatmaply	0.00,1
hectorsharp	0.00,1
heroku-pg-extras	0.00,1
hierachical-data	0.00,1
high-level-design	0.00,1
hiredis-node	0.00,1
historic	0.00,1
history-expansion	0.00,1
hive-plot	0.00,1
hogan	0.00,1
hollerith	0.00,1
home-a-like	0.00,1
host-process	0.00,1
hsi	0.00,1
html-comments	0.00,1
html-graph	0.00,1
html-processing	0.00,1
html5-shiv	0.00,1
html7	0.00,1
htmleventproxy	0.00,1
htpassword	0.00,1
htrace	0.00,1
http-0.9	0.00,1
http-rpc	0.00,1
httpurirequest	0.00,1
hub4com	0.00,1
huge-file-system	0.00,1
humans.txt	0.00,1
husky	0.00,1
ibm-directory-server	0.00,1
icloud-share	0.00,1
idea-plugin-dev	0.00,1
ideamart	0.00,1
identity-theft	0.00,1
identity-training-kit	0.00,1
idiocia	0.00,1
idioma-agnostico	0.00,1
idle-curiosity	0.00,1
igniter	0.00,1
ignoreme	0.00,1
ihtmlwindow2	0.00,1
im-an-idiot	0.00,1
image-storage	0.00,1
imagemagik	0.00,1
improved	0.00,1
in-depth	0.00,1
in-memory-file-system	0.00,1
in-out	0.00,1
in-sync	0.00,1
inappropriate	0.00,1
inc++	0.00,1
inclusive-or	0.00,1
index-suggest	0.00,1
inetsocketaddress	0.00,1
informational	0.00,1
ingestion	0.00,1
inherited-form	0.00,1
init-file	0.00,1
innovations	0.00,1
insertbefore	0.00,1
integrastudio	0.00,1
internal-error	0.00,1
interop-dom	0.00,1
invantive-bridge	0.00,1
invantive-composition	0.00,1
io-statistics	0.00,1
ip-rights	0.00,1
iphlpapi	0.00,1
iphone-core-data	0.00,1
iprocess	0.00,1
ipsum	0.00,1
iqkeyboardmanager	0.00,1
irrelevant	0.00,1
isessionimplementor	0.00,1
isin	0.00,1
isochronous	0.00,1
isomorphic-webpack	0.00,1
ispopupwindowallowed	0.00,1
itablecolorprovider	0.00,1
iterables	0.00,1
its-a-programmers-world	0.00,1
jank	0.00,1
jansson	0.00,1
jasmid.js	0.00,1
java-audio	0.00,1
java-interfaces	0.00,1
java-language-spec	0.00,1
java8-stream	0.00,1
javascript-6	0.00,1
javascript-include-tag	0.00,1
jay-z	0.00,1
jbulder	0.00,1
jcp	0.00,1
jdal	0.00,1
jdni	0.00,1
jgfeed	0.00,1
jobfunction	0.00,1
joodo	0.00,1
joomla-bootstrap	0.00,1
jquery-object	0.00,1
jquerypromise	0.00,1
jquerysoap	0.00,1
jr	0.00,1
jre-1.7	0.00,1
jsalert	0.00,1
jsdraw2dx	0.00,1
jshybugger	0.00,1
jso-oauth	0.00,1
json4j	0.00,1
julius-chi-canada	0.00,1
jungl	0.00,1
jwplatform	0.00,1
kdeveloper	0.00,1
keep	0.00,1
kendo-switch	0.00,1
kernel-config	0.00,1
kernel-install	0.00,1
key-mapping	0.00,1
keylogging	0.00,1
keyshotvr	0.00,1
kid	0.00,1
killall	0.00,1
kilobolt	0.00,1
kinomajs	0.00,1
kobol2d	0.00,1
konfabulator	0.00,1
konqueror	0.00,1
kqml	0.00,1
kryzhanovskycssminifier	0.00,1
ktwdatabasemenu-bundle	0.00,1
labelprovider	0.00,1
laf	0.00,1
lag-variable	0.00,1
lahey-lf95	0.00,1
lambda-prolog	0.00,1
language-rec	0.00,1
laravel-controller	0.00,1
laravel4	0.00,1
large-arrays	0.00,1
launchservices	0.00,1
lca	0.00,1
lchown	0.00,1
levigo	0.00,1
libaws	0.00,1
libdl	0.00,1
libelium	0.00,1
libfdr	0.00,1
libhybris	0.00,1
libjpg	0.00,1
libotr	0.00,1
libsvn-client	0.00,1
libtls	0.00,1
libxml2dom	0.00,1
lies	0.00,1
liferay-solr	0.00,1
lifxkit	0.00,1
lightcore	0.00,1
linkclicked	0.00,1
liskov	0.00,1
lisp-unit	0.00,1
list-view	0.00,1
live-variable-analysis	0.00,1
llvm-jit	0.00,1
loading-variables	0.00,1
loadtime	0.00,1
local-types	0.00,1
localtimezone	0.00,1
log4d	0.00,1
low-level-design	0.00,1
lsblk	0.00,1
lse	0.00,1
lsl	0.00,1
lucidity	0.00,1
lvsadm	0.00,1
lyft-pwa	0.00,1
maclisp	0.00,1
magento-2	0.00,1
mainstream-user	0.00,1
malmo	0.00,1
mapdetailview	0.00,1
materialkit	0.00,1
materialnavigationdrawer	0.00,1
mathematical-induction	0.00,1
maths	0.00,1
matlab-stem	0.00,1
mdn	0.00,1
mean-cli	0.00,1
mechanism	0.00,1
med	0.00,1
media-temple	0.00,1
mediaprovider	0.00,1
mediarouteprovider	0.00,1
meetingplace	0.00,1
megabits	0.00,1
membershipservice	0.00,1
memberwiseclone	0.00,1
memkeys	0.00,1
memories	0.00,1
memory-failure	0.00,1
memtest	0.00,1
merry	0.00,1
message-ack	0.00,1
messages-stickers	0.00,1
messagesource	0.00,1
metacritic	0.00,1
metal-framework	0.00,1
meteor-coverage	0.00,1
meteor-job-collection	0.00,1
micro-benchmark	0.00,1
micro-services	0.00,1
microsoft-small-basic	0.00,1
middle-button	0.00,1
mike	0.00,1
mingw32-make	0.00,1
minidlna	0.00,1
mix-java-scala	0.00,1
mixfile	0.00,1
mockjson	0.00,1
mockup-proxy	0.00,1
mod-ntlm	0.00,1
mod-suphp	0.00,1
modalpopextender	0.00,1
modding	0.00,1
model-class	0.00,1
modeldriven	0.00,1
moderator-spam	0.00,1
modgrammar	0.00,1
modus-operandi	0.00,1
modx-user-groups	0.00,1
mogwai	0.00,1
moment	0.00,1
monaco	0.00,1
mongo-connector	0.00,1
monitor-dashboard	0.00,1
moq-rt	0.00,1
moral	0.00,1
moultingyaml	0.00,1
mousecursordata	0.00,1
mpg123	0.00,1
ms-test	0.00,1
msnlb	0.00,1
msp430-gcc	0.00,1
msql	0.00,1
msrs	0.00,1
multi-programming-languag	0.00,1
multi-step-forms	0.00,1
mumble-typing	0.00,1
music.listens	0.00,1
mvcobject	0.00,1
mwindows	0.00,1
mysq	0.00,1
mysql-error-1215	0.00,1
mysql-error-1253	0.00,1
mysql-indexes	0.00,1
mysql-like	0.00,1
mysql-performance	0.00,1
mysql-queues	0.00,1
mysqlworkbench	0.00,1
n-ary	0.00,1
nambla	0.00,1
nash	0.00,1
navigation-list	0.00,1
navigationhandler	0.00,1
ne	0.00,1
nefarious	0.00,1
neomake	0.00,1
nest-initiative	0.00,1
nested-hstore	0.00,1
nested-tables	0.00,1
nested-type	0.00,1
net3.5	0.00,1
netrexx	0.00,1
netsh.exe	0.00,1
netty-4	0.00,1
neuraltalk2	0.00,1
neuroph-studio	0.00,1
newlanguage	0.00,1
next-big-language	0.00,1
nhybernate	0.00,1
nih	0.00,1
nilliteralconvertible	0.00,1
ninefold	0.00,1
ninject.mvc3	0.00,1
ninject2	0.00,1
node-etl	0.00,1
node-fs	0.00,1
node-nconf	0.00,1
nonsense-question	0.00,1
normalize-text	0.00,1
normative	0.00,1
not-programming-related	0.00,1
notcode	0.00,1
npc-control	0.00,1
npmrc	0.00,1
nqp	0.00,1
nsautoresizingmask	0.00,1
nsdmanager	0.00,1
nsexpressiondescription	0.00,1
nsfetchresultscontroller	0.00,1
nstabviewitem	0.00,1
nth-of-type	0.00,1
ntier	0.00,1
numberspinner	0.00,1
numericpagerfield	0.00,1
nxopen	0.00,1
oar	0.00,1
oath	0.00,1
objecrtive-c	0.00,1
object-not-found	0.00,1
objective-c-abi	0.00,1
objectspecifier	0.00,1
obsproject	0.00,1
obviel	0.00,1
ocb-mode	0.00,1
occurrence-typing	0.00,1
octobercms-traits	0.00,1
odtphp	0.00,1
office-store	0.00,1
oga	0.00,1
ogd-wien	0.00,1
olevariant	0.00,1
olive	0.00,1
olympics	0.00,1
omniauth-vkontakte	0.00,1
omstar	0.00,1
oncreated	0.00,1
one-stop-shope	0.00,1
oninput	0.00,1
onkyo	0.00,1
online-inventory	0.00,1
online-invoicing	0.00,1
online-video	0.00,1
oopfactory	0.00,1
open-authentication	0.00,1
open-university	0.00,1
opencloud	0.00,1
opendatakit	0.00,1
openexeconfiguration	0.00,1
openfda	0.00,1
openpanel	0.00,1
openvsp	0.00,1
operatoroverloading	0.00,1
oraclexe	0.00,1
orderhistory	0.00,1
osdc2008	0.00,1
osip	0.00,1
osmorc	0.00,1
ostn	0.00,1
ostrich-algorithm	0.00,1
otpauth	0.00,1
outlookaddin	0.00,1
output-operator	0.00,1
outsource	0.00,1
overflow-auto	0.00,1
owinrequestscopecontext	0.00,1
owinstartup	0.00,1
paa	0.00,1
panini	0.00,1
parametrized-unit-test	0.00,1
parse-ez	0.00,1
parseing	0.00,1
part-time	0.00,1
pass-values	0.00,1
pasta	0.00,1
pdf-tron	0.00,1
pdsc#	0.00,1
pdsh	0.00,1
penalty	0.00,1
pentaho-rd	0.00,1
people.txt	0.00,1
perf-map-agent	0.00,1
perfect2	0.00,1
perfmatters	0.00,1
perl-lwp	0.00,1
perl-ppm	0.00,1
perl5i	0.00,1
perof	0.00,1
personal-access-token	0.00,1
personal-web-server	0.00,1
personnel	0.00,1
pertelian	0.00,1
pesapal	0.00,1
phalcon-mvc	0.00,1
phones	0.00,1
phosphorjs	0.00,1
photopickerplus	0.00,1
photutils	0.00,1
php-function	0.00,1
php-loaded-images	0.00,1
php-ncurses	0.00,1
php5.3	0.00,1
phpunit-selenium	0.00,1
physical-computing	0.00,1
pickle-dump	0.00,1
pigeonhole	0.00,1
pioneer	0.00,1
pizza-party	0.00,1
pkcs1	0.00,1
pkg	0.00,1
plans	0.00,1
plask	0.00,1
play-to	0.00,1
plb-language	0.00,1
pllua	0.00,1
plook	0.00,1
plotfile	0.00,1
plugin-system	0.00,1
pluginexecutionexception	0.00,1
pmf	0.00,1
png-fix	0.00,1
podcasts	0.00,1
pointless	0.00,1
policykit	0.00,1
polybori	0.00,1
polymer-serve	0.00,1
poplog	0.00,1
post-decrement	0.00,1
power-architect	0.00,1
powershell-trap	0.00,1
powify	0.00,1
ppl-delphi	0.00,1
pptplex	0.00,1
pre-decrement	0.00,1
pre-get-posts	0.00,1
pretty-printer	0.00,1
pretzo	0.00,1
pride	0.00,1
prim	0.00,1
primers	0.00,1
prince	0.00,1
print-to-pdf	0.00,1
print-to-ppt	0.00,1
printablestring	0.00,1
privileged-action	0.00,1
procedural-language	0.00,1
processing-language	0.00,1
product-advertising-api	0.00,1
production-ready	0.00,1
programmatically-matching	0.00,1
programmers-day	0.00,1
project-avatar	0.00,1
projectiles	0.00,1
prooph	0.00,1
proprofs	0.00,1
proud	0.00,1
prove	0.00,1
provide	0.00,1
proxychain	0.00,1
ps-2.0	0.00,1
pseudo-code	0.00,1
psi-probe	0.00,1
psuedocode	0.00,1
ptql	0.00,1
ptxdist	0.00,1
punch-cards	0.00,1
punching	0.00,1
put-request	0.00,1
pyav	0.00,1
pyclewn	0.00,1
pykeylogger	0.00,1
pylive555	0.00,1
pymcu	0.00,1
pyswip	0.00,1
python-keepass	0.00,1
python-type	0.00,1
pyximport	0.00,1
qbms	0.00,1
qcalendarwidget	0.00,1
qdf	0.00,1
qmediaservice	0.00,1
qmllint	0.00,1
qt5vsaddin	0.00,1
quadrant	0.00,1
quadtrees	0.00,1
qun	0.00,1
quran	0.00,1
qvariantmap	0.00,1
qwench	0.00,1
r-and-d	0.00,1
r-foreach	0.00,1
racecondition	0.00,1
radschedular	0.00,1
random-forests	0.00,1
random-js	0.00,1
range-seekbar	0.00,1
rapidweaver	0.00,1
ratings	0.00,1
rbenv-vars	0.00,1
rca	0.00,1
re-use	0.00,1
readify	0.00,1
real-time-match	0.00,1
real-time-text	0.00,1
recentdocuments	0.00,1
recovery-pending	0.00,1
recurring-payments	0.00,1
recyclerview-multiselect	0.00,1
redlock.net	0.00,1
refills	0.00,1
registerloginhandler	0.00,1
regl	0.00,1
regular-user	0.00,1
regularexpressoin	0.00,1
remotely	0.00,1
renderincontext	0.00,1
reportingservices2008	0.00,1
requests-cache	0.00,1
resignation	0.00,1
resolverone	0.00,1
resource-pool	0.00,1
resource-usage	0.00,1
rest-spread	0.00,1
retail	0.00,1
retry-policy	0.00,1
revelation	0.00,1
rewritec	0.00,1
rfc3984	0.00,1
rgrep	0.00,1
rif	0.00,1
right-handed	0.00,1
rigify	0.00,1
rlib	0.00,1
roombacomm	0.00,1
rop	0.00,1
rs2008	0.00,1
rsruby	0.00,1
rtph264pay	0.00,1
rubmotion	0.00,1
ruby-build	0.00,1
rumors	0.00,1
run-series	0.00,1
rust-nom	0.00,1
rx-lite	0.00,1
rxtxcommdriver	0.00,1
sablono	0.00,1
sacct	0.00,1
safe-mailto	0.00,1
safeexambrowser	0.00,1
saff-squeeze	0.00,1
samsung-browser	0.00,1
sanctuary	0.00,1
saphire	0.00,1
scalajs	0.00,1
scalazon	0.00,1
scalejs	0.00,1
scandinavian-keyboard	0.00,1
scanresult	0.00,1
schedulewithfixeddelay	0.00,1
scoresystem	0.00,1
scott-hanselman	0.00,1
scribe-js	0.00,1
scripttransformer	0.00,1
sdddddddddddd	0.00,1
security-essentials	0.00,1
self-answer	0.00,1
selfcontrol	0.00,1
semicolon-insertion	0.00,1
send-data	0.00,1
sendall	0.00,1
sente	0.00,1
sentrifugo-hrm	0.00,1
serial-modem	0.00,1
servie	0.00,1
setexpresscheckout	0.00,1
setprogress	0.00,1
sevabot	0.00,1
sfml2	0.00,1
shadereffect	0.00,1
shakubuku	0.00,1
shared-ssl	0.00,1
sharepoint-site	0.00,1
shark-compiler	0.00,1
sharp-loader	0.00,1
shmop	0.00,1
showcase-workshop	0.00,1
shrinkr	0.00,1
sigmajs	0.00,1
signal-loss	0.00,1
sigtrap	0.00,1
silverlight-animation	0.00,1
similarity-analyzer	0.00,1
simple	0.00,1
simplelogger	0.00,1
simscript	0.00,1
simulacrum	0.00,1
simulavr	0.00,1
singal	0.00,1
single-abstract-method	0.00,1
sipeksdk	0.00,1
sita	0.00,1
site-module	0.00,1
sitebuilder	0.00,1
sitecore-active-commerce	0.00,1
skynet	0.00,1
slap	0.00,1
slidertron	0.00,1
sliderule	0.00,1
slideshare	0.00,1
smack-4.1	0.00,1
smallsql	0.00,1
smarter	0.00,1
smartertools	0.00,1
smartsupp	0.00,1
sms-fu	0.00,1
snapshotapi	0.00,1
snowshoveling	0.00,1
so-user	0.00,1
software-developer	0.00,1
software-documentation	0.00,1
software-metrics	0.00,1
software-processes	0.00,1
solaris-11	0.00,1
solarized	0.00,1
somewhat-offtopic	0.00,1
sones	0.00,1
sortable-no-jquery	0.00,1
soundmanager	0.00,1
source-compatibility	0.00,1
sourceforge-issue-tracker	0.00,1
sp1	0.00,1
spamalicious	0.00,1
spamprevention	0.00,1
sparks-language	0.00,1
specialized-hardware	0.00,1
speedus	0.00,1
spindle	0.00,1
spoonx	0.00,1
spot	0.00,1
spring-cloud-vault-config	0.00,1
spring-context	0.00,1
spring-vault	0.00,1
springsource-tool-suite	0.00,1
sprinkle	0.00,1
sql-processor	0.00,1
sql-server-express-2016	0.00,1
sql-server-right	0.00,1
sql-syntax	0.00,1
sql2000	0.00,1
sqlcompact	0.00,1
sqlda	0.00,1
sqlinjection	0.00,1
sqlserver-2005	0.00,1
ssis2008	0.00,1
stab	0.00,1
stack-sourcing	0.00,1
stackoverflow-bug	0.00,1
standardisation	0.00,1
start-menu	0.00,1
start-up	0.00,1
statcounter	0.00,1
stateless-auth	0.00,1
static-assets	0.00,1
staticmethod	0.00,1
statics	0.00,1
stdinitializerlist	0.00,1
steadfastness	0.00,1
stereotypes	0.00,1
stickylistheaderslistview	0.00,1
stintersects	0.00,1
stof	0.00,1
stone	0.00,1
strand-sort	0.00,1
strawberry-prolog	0.00,1
stress-test	0.00,1
stripe-subscriptions	0.00,1
stronger	0.00,1
strut	0.00,1
stylesheetfile	0.00,1
subpartitioning	0.00,1
supercharger	0.00,1
superstition	0.00,1
surge	0.00,1
suriwire	0.00,1
sv	0.00,1
svgo	0.00,1
sws	0.00,1
systemtimezone	0.00,1
sysvinit	0.00,1
tag-faq	0.00,1
tag1234567890123456789011	0.00,1
tag1234567890123456789012	0.00,1
tag1234567890123456789013	0.00,1
tag1234567890123456789014	0.00,1
tag1234567890123456789015	0.00,1
tally	0.00,1
tame.js	0.00,1
tattoo	0.00,1
tco	0.00,1
teamcity-4.5	0.00,1
teamcity-artifacts	0.00,1
teamcitysharper	0.00,1
technology-agonostic	0.00,1
telldus	0.00,1
telpad	0.00,1
telr	0.00,1
template7	0.00,1
terminals	0.00,1
terms-and-conditions	0.00,1
terms-of-service	0.00,1
ternery-operator	0.00,1
test-pyramid	0.00,1
testng-configuration	0.00,1
text-orientation	0.00,1
textarea-value	0.00,1
texvc	0.00,1
tfs-hosting	0.00,1
tfservice	0.00,1
tgp	0.00,1
the-seasoned-schemer	0.00,1
theoretical-problem	0.00,1
thinkorswim	0.00,1
this-or-that	0.00,1
threadlocals	0.00,1
threadsafehttpclient	0.00,1
threeten	0.00,1
thumb-2	0.00,1
ti-92	0.00,1
tics	0.00,1
tide	0.00,1
tlsf	0.00,1
tolecontainer	0.00,1
toneden	0.00,1
toner	0.00,1
torguard	0.00,1
tpaintbox	0.00,1
trainquility	0.00,1
transactsql	0.00,1
transcompiler	0.00,1
transformmanager	0.00,1
treasures	0.00,1
tribe	0.00,1
tribes	0.00,1
trigraph	0.00,1
trimesh	0.00,1
truffleruby	0.00,1
tuckey-urlrewrite	0.00,1
tuple-struct	0.00,1
turbo.net	0.00,1
tvtime	0.00,1
twinfield	0.00,1
twitter-bootstrap-mvc	0.00,1
twitter-text	0.00,1
typescript-loader	0.00,1
typhoon-rest-client	0.00,1
ucip	0.00,1
ufs	0.00,1
uglify	0.00,1
ui-pullover	0.00,1
uilabe	0.00,1
uiml	0.00,1
uipop	0.00,1
ultimate	0.00,1
ultragram	0.00,1
uml-merge-node	0.00,1
unannounced	0.00,1
unbuffer	0.00,1
undertow-js	0.00,1
unintelligible	0.00,1
uniprot	0.00,1
unit-of-measure	0.00,1
unowned-references	0.00,1
unpickling	0.00,1
unstack	0.00,1
untappd	0.00,1
update-rc.d	0.00,1
update-tool	0.00,1
upmin-admin	0.00,1
ups-shipping	0.00,1
upvote	0.00,1
urban-legend	0.00,1
urlpatterns	0.00,1
urwigo	0.00,1
usb-linux	0.00,1
user-role	0.00,1
usernname	0.00,1
userrole	0.00,1
uses-constraint	0.00,1
ustl	0.00,1
validictory	0.00,1
vanilla-typescript	0.00,1
variable-arity	0.00,1
variadic-macros	0.00,1
vault-aws-ec2	0.00,1
vc++6.0	0.00,1
vcl-styles.-utils	0.00,1
vcpkg	0.00,1
vector-algebra	0.00,1
veinjs	0.00,1
verilog-2001	0.00,1
version-number	0.00,1
very-offtopic	0.00,1
vhll	0.00,1
vibrations	0.00,1
videojs-transcript	0.00,1
videolan	0.00,1
vimoutliner	0.00,1
vimrunner	0.00,1
virtual-control	0.00,1
virtual-machine-for-devel	0.00,1
virutalbox	0.00,1
visual-logic	0.00,1
visual-studio-2008-sdk	0.00,1
visual-studio-installer	0.00,1
visual-studio-py-tools	0.00,1
visualstudio2010-express	0.00,1
vitamins	0.00,1
vows-bdd	0.00,1
vso	0.00,1
wallaby	0.00,1
waspmote	0.00,1
wbadmin	0.00,1
wdmaud.drv	0.00,1
web-bug	0.00,1
web-installer	0.00,1
web-oriented-architecture	0.00,1
web-resource	0.00,1
weba	0.00,1
webclientnetwork	0.00,1
webmacro	0.00,1
webmatrix.data	0.00,1
webse	0.00,1
website-revamp	0.00,1
webtatic	0.00,1
weighted-random-choice	0.00,1
whatisthisidonteven	0.00,1
wherigo	0.00,1
white-screen-of-death	0.00,1
whitening	0.00,1
whitespace-pre	0.00,1
why	0.00,1
why-nda-is-wrong	0.00,1
win32-open3	0.00,1
window-controller	0.00,1
windows-10-home	0.00,1
windows-7-rc	0.00,1
windows-forms	0.00,1
windows-xp-servicepacks	0.00,1
windowsce	0.00,1
windowshomeserver	0.00,1
winforms-designer	0.00,1
winntapi	0.00,1
winrttriggers	0.00,1
wireless-adapter	0.00,1
wmii	0.00,1
wnetenumresource	0.00,1
wordfaire	0.00,1
wordlist2dawg	0.00,1
wordpress-3.9.2	0.00,1
wordpress-custom	0.00,1
wordtemplates	0.00,1
work-life	0.00,1
wp-linkedin	0.00,1
wp-pluggin	0.00,1
wp-user-role	0.00,1
wpath	0.00,1
wpf-commands	0.00,1
wpf-user-controls	0.00,1
wpfperformance	0.00,1
wpp	0.00,1
wpscan	0.00,1
wrong	0.00,1
ws-a	0.00,1
x-kendo-template	0.00,1
x-window	0.00,1
xamarin-android	0.00,1
xcode8-beta5	0.00,1
xdvi	0.00,1
xender	0.00,1
xinerama	0.00,1
xml-auditfile-financial	0.00,1
xml-based-ui	0.00,1
xmlschemainference	0.00,1
yang	0.00,1
yaz	0.00,1
yorick	0.00,1
your	0.00,1
youwave	0.00,1
zc.buildout	0.00,1
zc.zk	0.00,1
zebus	0.00,1
zend-hydrator	0.00,1
zend-test-phpunit	0.00,1
zend1.10	0.00,1
zenpen	0.00,1
zeronet	0.00,1
zipdoc	0.00,1
zlib-conduit	0.00,1
zone-files	0.00,1
ztemplates	0.00,1
